Path,Root,MatchType,Kind,SizeBytes,Modified,FinderTags
"","","","","","",""
"","","","","","",""
"","","","","","",""
"","","","","","",""
"","","","","","",""
"","","","","","",""
"","","","","","",""
"","","","","","",""
"","","","","","",""
"","","","","","",""
"","","","","","",""
"","","","","","",""
"","","","","","",""
"","","","","","",""
"","","","","","",""
"","","","","","",""
"","","","","","",""
"","","","","","",""
"","","","","","",""
"","","","","","",""
"","","","","","",""
"","","","","","",""
"","","","","","",""
"","","","","","",""
"","","","","","",""
"","","","","","",""
"","","","","","",""
"","","","","","",""
"","","","","","",""
"","","","","","",""
"","","","","","",""
"","","","","","",""
"","","","","","",""
"","","","","","",""
"","","","","","",""
"","","","","","",""
"","","","","","",""
"","","","","","",""
"","","","","","",""
"","","","","","",""
"","","","","","",""
"","","","","","",""
"","","","","","",""
"","","","","","",""
"","","","","","",""
"","","","","","",""
"","","","","","",""
"","","","","","",""
"","","","","","",""
"","","","","","",""
"","","","","","",""
"","","","","","",""
"","","","","","",""
"","","","","","",""
"","","","","","",""
"","","","","","",""
"","","","","","",""
"","","","","","",""
"","","","","","",""
"","","","","","",""
"","","","","","",""
"","","","","","",""
"","","","","","",""
"","","","","","",""
"","","","","","",""
"","","","","","",""
"","","","","","",""
"","","","","","",""
"","","","","","",""
"","","","","","",""
"","","","","","",""
"","","","","","",""
"","","","","","",""
"","","","","","",""
"","","","","","",""
"","","","","","",""
"","","","","","",""
"","","","","","",""
"","","","","","",""
"","","","","","",""
"","","","","","",""
"","","","","","",""
"","","","","","",""
"","","","","","",""
"","","","","","",""
"","","","","","",""
"","","","","","",""
"","","","","","",""
"","","","","","",""
"","","","","","",""
"","","","","","",""
"","","","","","",""
"","","","","","",""
"","","","","","",""
"","","","","","",""
"","","","","","",""
"","","","","","",""
"","","","","","",""
"","","","","","",""
"","","","","","",""
"","","","","","",""
"","","","","","",""
"","","","","","",""
"","","","","","",""
"","","","","","",""
"","","","","","",""
